﻿<?xml version="1.0" encoding="utf-8" standalone="yes" ?>
<!-- Documentation Of This File:
  Keep everything under the <LOS> Tree as the TS file will only read from it.
  
  You can define a Class, a SubCategory and a Item
  
  Classes appear as main tabs on the loadout selector dialog
  SubCategories appear as tabs under their class
  Items are the individual elements that make up a loadout
  
  <Class>
   * Category: Internal name of the category, use for TS purposes
   * IGN: Displayed name of the category on the dialog
   
  <SubCategory>
   * Category: Internal name of the sub-category, use for TS purposes
   * IGN: Displayed name of the sub-category on the dialog
   
  <Item>
   * IGN: Displayed name of the item on the dialog
   * <ATTRB>: The TS "ITEM", use the WeaponItem for this, for non-items use a specific server-side identifier 
-->
<LOS>
  <Class category="PrimaryWeapons" IGN="Primary Weapons">
    <SubCategory category="AssaultRifles" IGN="Assault Rifles">
      <Item IGN="Lurker Assault Rifle">Lurker</Item>
    </SubCategory>
  </Class>
  <Class category="SecondaryWeapons" IGN="Secondary Weapons">
    <SubCategory category="Pistols" IGN="Pistols">
      <Item IGN="Ryder">Ryder</Item>
    </SubCategory>
  </Class>
  <Class category="Equipment" IGN="Equipment">
    <Item IGN="Proximity Mine">ProxMine</Item>
    <Item IGN="Deployable Sentry">DeployableTurret</Item>
  </Class>
</LOS>

